review_id,doi,citation_count,citation_percentile,who_essential,nice_guideline_count,influence_score
CD013614,10.1002/14651858.CD013614.pub2,2,39.12175648702595,False,0,25.449101796407188
CD003774,10.1002/14651858.CD003774.pub5,13,88.32335329341318,False,0,43.26347305389221
CD001155,10.1002/14651858.CD001155.pub3,0,9.68063872255489,False,0,9.121756487025948
CD013366,10.1002/14651858.CD013366.pub2,10,82.83433133732535,False,0,40.47904191616767
CD007784,10.1002/14651858.CD007784.pub3,9,79.84031936127745,False,0,41.876247504990026
CD009362,10.1002/14651858.CD009362.pub4,5,63.57285429141717,False,0,26.76646706586827
CD011762,10.1002/14651858.CD011762.pub2,3,49.101796407185624,False,0,26.686626746506988
CD011535,10.1002/14651858.CD011535.pub7,1,26.34730538922156,False,0,18.16367265469062
CD001909,10.1002/14651858.CD001909.pub4,3,49.101796407185624,False,0,23.093812375249502
CD012712,10.1002/14651858.CD012712.pub2,10,82.83433133732535,True,0,61.427145708582835
CD009749,10.1002/14651858.CD009749.pub3,7,73.05389221556887,False,0,34.47105788423154
CD013071,10.1002/14651858.CD013071.pub2,15,91.81636726546905,False,0,45.20958083832335
CD013830,10.1002/14651858.CD013830.pub2,15,91.81636726546905,True,0,65.43912175648703
CD006257,10.1002/14651858.CD006257.pub2,10,82.83433133732535,False,0,40.91816367265469
CD016131,10.1002/14651858.CD016131,0,9.68063872255489,False,0,7.325349301397207
CD003598,10.1002/14651858.CD003598.pub3,2,39.12175648702595,False,0,25.309381237524953
CD002042,10.1002/14651858.CD002042.pub6,2,39.12175648702595,False,0,25.219560878243513
CD007026,10.1002/14651858.CD007026.pub7,10,82.83433133732535,False,0,35.83832335329341
CD011600,10.1002/14651858.CD011600.pub3,14,90.31936127744511,False,0,45.389221556886234
CD015536,10.1002/14651858.CD015536.pub2,0,9.68063872255489,False,0,9.121756487025948
CD013874,10.1002/14651858.CD013874.pub3,0,9.68063872255489,False,0,11.497005988023954
CD016211,10.1002/14651858.CD016211,0,9.68063872255489,False,0,12.165668662674651
CD014722,10.1002/14651858.CD014722.pub2,14,90.31936127744511,False,0,44.61077844311377
CD010290,10.1002/14651858.CD010290.pub4,2,39.12175648702595,False,0,23.433133732534934
CD006023,10.1002/14651858.CD006023.pub4,1,26.34730538922156,False,0,19.9500998003992
CD005133,10.1002/14651858.CD005133.pub4,0,9.68063872255489,False,0,9.121756487025948
CD003743,10.1002/14651858.CD003743.pub3,0,9.68063872255489,False,0,11.497005988023954
CD012426,10.1002/14651858.CD012426.pub2,0,9.68063872255489,False,0,5.908183632734531
CD003333,10.1002/14651858.CD003333.pub4,0,9.68063872255489,False,0,4.580838323353293
CD006536,10.1002/14651858.CD006536.pub5,0,9.68063872255489,False,0,12.86427145708583
CD013425,10.1002/14651858.CD013425.pub2,2,39.12175648702595,False,0,22.435129740518963
CD003376,10.1002/14651858.CD003376.pub4,1,26.34730538922156,False,0,15.179640718562876
CD013541,10.1002/14651858.CD013541.pub2,11,84.83033932135729,False,0,39.18163672654691
CD009298,10.1002/14651858.CD009298.pub3,0,9.68063872255489,False,0,13.742514970059881
CD005595,10.1002/14651858.CD005595.pub4,8,76.14770459081836,False,0,37.24550898203593
CD010966,10.1002/14651858.CD010966.pub4,8,76.14770459081836,False,0,39.560878243512974
CD016136,10.1002/14651858.CD016136,4,57.48502994011976,False,0,25.02994011976048
CD004376,10.1002/14651858.CD004376.pub4,31,98.60279441117764,False,0,42.14570858283433
CD009252,10.1002/14651858.CD009252.pub2,5,63.57285429141717,False,0,26.76646706586827
CD007859,10.1002/14651858.CD007859.pub5,1,26.34730538922156,False,0,13.992015968063875
CD007310,10.1002/14651858.CD007310.pub3,0,9.68063872255489,False,0,11.497005988023954
CD011197,10.1002/14651858.CD011197.pub3,16,93.21357285429141,False,0,45.578842315369265
CD013508,10.1002/14651858.CD013508.pub3,23,97.1057884231537,False,0,46.18762475049901
CD015083,10.1002/14651858.CD015083.pub2,3,49.101796407185624,False,0,26.097804391217565
CD014792,10.1002/14651858.CD014792.pub2,6,68.76247504990019,False,0,32.75449101796407
CD014967,10.1002/14651858.CD014967.pub2,12,86.42714570858283,False,0,42.19560878243513
CD015673,10.1002/14651858.CD015673.pub2,5,63.57285429141717,False,0,31.3872255489022
CD011866,10.1002/14651858.CD011866.pub3,13,88.32335329341318,False,0,40.57884231536926
CD015350,10.1002/14651858.CD015350.pub2,2,39.12175648702595,False,0,19.10179640718563
CD013396,10.1002/14651858.CD013396.pub2,2,39.12175648702595,False,0,21.60678642714571
CD005566,10.1002/14651858.CD005566.pub4,6,68.76247504990019,False,0,33.46307385229541
CD008858,10.1002/14651858.CD008858.pub5,17,94.61077844311377,False,0,39.880239520958085
CD015215,10.1002/14651858.CD015215.pub2,11,84.83033932135729,False,0,43.802395209580844
CD007024,10.1002/14651858.CD007024.pub3,3,49.101796407185624,False,0,25.59880239520958
CD016031,10.1002/14651858.CD016031,2,39.12175648702595,False,0,24.13173652694611
CD013758,10.1002/14651858.CD013758.pub2,5,63.57285429141717,False,0,34.5309381237525
CD011885,10.1002/14651858.CD011885.pub2,0,9.68063872255489,False,0,13.79241516966068
CD015192,10.1002/14651858.CD015192.pub2,1,26.34730538922156,False,0,13.243512974051898
CD009679,10.1002/14651858.CD009679.pub3,4,57.48502994011976,False,0,29.451097804391217
CD013789,10.1002/14651858.CD013789.pub2,16,93.21357285429141,False,0,45.998003992015974
CD010216,10.1002/14651858.CD010216.pub9,22,96.8063872255489,True,0,66.84630738522955
CD004703,10.1002/14651858.CD004703.pub3,18,95.50898203592814,False,0,40.23952095808383
CD005951,10.1002/14651858.CD005951.pub5,7,73.05389221556887,False,0,35.17964071856288
CD011044,10.1002/14651858.CD011044.pub3,12,86.42714570858283,False,0,39.82035928143712
CD013561,10.1002/14651858.CD013561.pub2,4,57.48502994011976,False,0,26.447105788423155
CD015373,10.1002/14651858.CD015373.pub2,2,39.12175648702595,True,0,44.5309381237525
CD007809,10.1002/14651858.CD007809.pub3,2,39.12175648702595,False,0,24.13173652694611
CD013726,10.1002/14651858.CD013726.pub2,3,49.101796407185624,False,0,23.78243512974052
CD015804,10.1002/14651858.CD015804.pub2,10,82.83433133732535,False,0,39.590818363273456
CD015332,10.1002/14651858.CD015332.pub2,2,39.12175648702595,False,0,25.40918163672655
CD004661,10.1002/14651858.CD004661.pub4,16,93.21357285429141,False,0,46.467065868263475
CD007374,10.1002/14651858.CD007374.pub3,7,73.05389221556887,False,0,37.93413173652695
CD014855,10.1002/14651858.CD014855.pub2,0,9.68063872255489,False,0,6.57684630738523
CD015824,10.1002/14651858.CD015824.pub2,1,26.34730538922156,False,0,15.179640718562876
CD013429,10.1002/14651858.CD013429.pub2,2,39.12175648702595,False,0,20.898203592814372
CD005582,10.1002/14651858.CD005582.pub5,9,79.84031936127745,False,0,33.27345309381238
CD004307,10.1002/14651858.CD004307.pub7,9,79.84031936127745,False,0,32.64471057884232
CD008469,10.1002/14651858.CD008469.pub3,0,9.68063872255489,False,0,6.57684630738523
CD008628,10.1002/14651858.CD008628.pub3,14,90.31936127744511,False,0,42.08582834331338
CD013303,10.1002/14651858.CD013303.pub2,20,96.50698602794411,False,0,47.70459081836328
CD006124,10.1002/14651858.CD006124.pub3,7,73.05389221556887,False,0,32.6746506986028
CD015749,10.1002/14651858.CD015749.pub2,2,39.12175648702595,False,0,19.79041916167665
CD010861,10.1002/14651858.CD010861.pub3,6,68.76247504990019,False,0,35.439121756487026
CD013834,10.1002/14651858.CD013834.pub2,4,57.48502994011976,False,0,24.331337325349303
CD010145,10.1002/14651858.CD010145.pub2,2,39.12175648702595,False,0,24.361277445109785
CD004953,10.1002/14651858.CD004953.pub5,0,9.68063872255489,False,0,10.658682634730539
CD003511,10.1002/14651858.CD003511.pub6,1,26.34730538922156,False,0,15.179640718562876
CD013539,10.1002/14651858.CD013539.pub2,1,26.34730538922156,False,0,16.497005988023954
CD004417,10.1002/14651858.CD004417.pub6,6,68.76247504990019,False,0,30.209580838323348
CD007491,10.1002/14651858.CD007491.pub3,30,98.40319361277446,False,0,40.69860279441118
CD007569,10.1002/14651858.CD007569.pub4,19,96.10778443113772,False,0,38.74251497005988
CD007895,10.1002/14651858.CD007895.pub3,1,26.34730538922156,False,0,11.876247504990022
CD016058,10.1002/14651858.CD016058.pub2,0,9.68063872255489,False,0,8.013972055888225
CD014960,10.1002/14651858.CD014960.pub2,11,84.83033932135729,False,0,38.57285429141717
CD014666,10.1002/14651858.CD014666.pub2,11,84.83033932135729,False,0,35.96806387225549
CD016278,10.1002/14651858.CD016278,3,49.101796407185624,False,0,27.5748502994012
CD011858,10.1002/14651858.CD011858.pub2,9,79.84031936127745,False,0,39.28143712574851
CD013631,10.1002/14651858.CD013631.pub2,34,99.00199600798403,False,0,48.8622754491018
CD001920,10.1002/14651858.CD001920.pub4,13,88.32335329341318,False,0,41.287425149700596
CD008709,10.1002/14651858.CD008709.pub4,12,86.42714570858283,False,0,42.86427145708583
CD014966,10.1002/14651858.CD014966.pub2,2,39.12175648702595,False,0,16.98602794411178
CD003594,10.1002/14651858.CD003594.pub7,3,49.101796407185624,False,0,23.093812375249502
CD016147,10.1002/14651858.CD016147,2,39.12175648702595,False,0,22.105788423153694
CD013613,10.1002/14651858.CD013613.pub2,3,49.101796407185624,False,0,26.986027944111775
CD006982,10.1002/14651858.CD006982.pub5,2,39.12175648702595,True,0,38.35329341317365
CD007156,10.1002/14651858.CD007156.pub3,4,57.48502994011976,False,0,25.69860279441118
CD015532,10.1002/14651858.CD015532,3,49.101796407185624,False,0,27.5748502994012
CD015524,10.1002/14651858.CD015524.pub2,1,26.34730538922156,True,0,40.199600798403196
CD013748,10.1002/14651858.CD013748.pub2,0,9.68063872255489,False,0,7.325349301397207
CD007388,10.1002/14651858.CD007388.pub3,6,68.76247504990019,False,0,35.28942115768463
CD013816,10.1002/14651858.CD013816.pub2,3,49.101796407185624,False,0,27.764471057884233
CD011120,10.1002/14651858.CD011120.pub3,5,63.57285429141717,False,0,26.13772455089821
CD015854,10.1002/14651858.CD015854,0,9.68063872255489,False,0,9.121756487025948
CD014869,10.1002/14651858.CD014869.pub2,0,9.68063872255489,False,0,7.325349301397207
CD014811,10.1002/14651858.CD014811.pub2,6,68.76247504990019,False,0,29.54091816367265
CD015751,10.1002/14651858.CD015751.pub2,3,49.101796407185624,False,0,22.345309381237527
CD011689,10.1002/14651858.CD011689.pub4,1,26.34730538922156,False,0,18.662674650698605
CD012586,10.1002/14651858.CD012586.pub2,4,57.48502994011976,False,0,28.243512974051896
CD014428,10.1002/14651858.CD014428.pub2,1,26.34730538922156,False,0,13.992015968063875
CD014736,10.1002/14651858.CD014736.pub2,0,9.68063872255489,False,0,6.57684630738523
CD013476,10.1002/14651858.CD013476.pub2,1,26.34730538922156,False,0,17.584830339321357
CD014687,10.1002/14651858.CD014687.pub2,3,49.101796407185624,False,0,20.34930139720559
CD014594,10.1002/14651858.CD014594.pub2,0,9.68063872255489,False,0,5.908183632734531
CD014300,10.1002/14651858.CD014300.pub2,8,76.14770459081836,False,0,37.50499001996008
CD014145,10.1002/14651858.CD014145.pub2,2,39.12175648702595,True,0,40.28942115768463
CD000143,10.1002/14651858.CD000143.pub2,3,49.101796407185624,True,0,43.78243512974052
CD013052,10.1002/14651858.CD013052.pub3,1,26.34730538922156,False,0,12.574850299401199
CD012642,10.1002/14651858.CD012642.pub2,9,79.84031936127745,False,0,37.89421157684632
CD015087,10.1002/14651858.CD015087.pub2,4,57.48502994011976,False,0,30.618762475049902
CD015786,10.1002/14651858.CD015786.pub2,1,26.34730538922156,False,0,13.243512974051898
CD013284,10.1002/14651858.CD013284.pub2,4,57.48502994011976,False,0,30.618762475049902
CD010779,10.1002/14651858.CD010779.pub2,4,57.48502994011976,False,0,25.02994011976048
CD012967,10.1002/14651858.CD012967.pub2,15,91.81636726546905,False,0,38.762475049900196
CD012445,10.1002/14651858.CD012445.pub2,4,57.48502994011976,False,0,28.243512974051896
CD001431,10.1002/14651858.CD001431.pub6,166,100.0,False,0,42.70459081836327
CD014762,10.1002/14651858.CD014762.pub2,3,49.101796407185624,False,0,21.676646706586826
CD006839,10.1002/14651858.CD006839.pub5,0,9.68063872255489,False,0,4.580838323353293
CD015968,10.1002/14651858.CD015968,2,39.12175648702595,False,0,23.942115768463076
CD013590,10.1002/14651858.CD013590.pub2,2,39.12175648702595,False,0,21.60678642714571
CD012623,10.1002/14651858.CD012623.pub2,8,76.14770459081836,False,0,30.758483033932137
CD011627,10.1002/14651858.CD011627.pub3,0,9.68063872255489,False,0,5.209580838323354
CD006742,10.1002/14651858.CD006742.pub3,1,26.34730538922156,False,0,12.574850299401199
CD015820,10.1002/14651858.CD015820.pub2,0,9.68063872255489,False,0,8.013972055888225
CD015395,10.1002/14651858.CD015395.pub3,14,90.31936127744511,False,0,40.26946107784431
CD013844,10.1002/14651858.CD013844.pub2,4,57.48502994011976,False,0,28.952095808383234
CD001533,10.1002/14651858.CD001533.pub7,14,90.31936127744511,False,0,39.5808383233533
CD010441,10.1002/14651858.CD010441.pub3,0,9.68063872255489,False,0,7.325349301397207
CD014935,10.1002/14651858.CD014935.pub2,1,26.34730538922156,False,0,16.497005988023954
CD015514,10.1002/14651858.CD015514.pub2,4,57.48502994011976,False,0,27.135728542914173
CD015636,10.1002/14651858.CD015636.pub2,27,98.20359281437125,False,0,39.35129740518962
CD015551,10.1002/14651858.CD015551.pub2,2,39.12175648702595,False,0,18.353293413173652
CD011575,10.1002/14651858.CD011575.pub3,4,57.48502994011976,False,0,31.477045908183634
CD014965,10.1002/14651858.CD014965.pub2,4,57.48502994011976,False,0,32.25548902195609
CD004992,10.1002/14651858.CD004992.pub4,8,76.14770459081836,False,0,35.0998003992016
CD013764,10.1002/14651858.CD013764.pub2,1,26.34730538922156,False,0,13.992015968063875
CD015229,10.1002/14651858.CD015229.pub2,1,26.34730538922156,False,0,13.992015968063875
CD013745,10.1002/14651858.CD013745.pub2,1,26.34730538922156,False,0,13.992015968063875
CD002052,10.1002/14651858.CD002052.pub4,0,9.68063872255489,True,0,30.32934131736527
CD013827,10.1002/14651858.CD013827.pub2,5,63.57285429141717,False,0,32.47504990019961
CD012635,10.1002/14651858.CD012635.pub2,3,49.101796407185624,False,0,24.890219560878243
CD013595,10.1002/14651858.CD013595.pub2,6,68.76247504990019,False,0,32.75449101796407
CD009945,10.1002/14651858.CD009945.pub3,2,39.12175648702595,False,0,16.35728542914172
CD012570,10.1002/14651858.CD012570.pub2,2,39.12175648702595,False,0,19.10179640718563
CD009235,10.1002/14651858.CD009235.pub4,1,26.34730538922156,False,0,19.25149700598803
CD008176,10.1002/14651858.CD008176.pub3,13,88.32335329341318,False,0,44.740518962075846
CD005187,10.1002/14651858.CD005187.pub6,1,26.34730538922156,False,0,12.574850299401199
CD014944,10.1002/14651858.CD014944.pub2,1,26.34730538922156,False,0,12.574850299401199
CD006689,10.1002/14651858.CD006689.pub3,2,39.12175648702595,False,0,24.640718562874255
CD000028,10.1002/14651858.CD000028.pub4,0,9.68063872255489,False,0,6.57684630738523
CD001703,10.1002/14651858.CD001703.pub4,1,26.34730538922156,False,0,19.80039920159681
CD015855,10.1002/14651858.CD015855,0,9.68063872255489,False,0,8.013972055888225
CD014678,10.1002/14651858.CD014678.pub2,5,63.57285429141717,False,0,29.57085828343314
CD014585,10.1002/14651858.CD014585.pub2,2,39.12175648702595,False,0,18.353293413173652
CD011851,10.1002/14651858.CD011851.pub3,16,93.21357285429141,False,0,44.6307385229541
CD006404,10.1002/14651858.CD006404.pub5,0,9.68063872255489,False,0,11.996007984031937
CD004925,10.1002/14651858.CD004925.pub4,10,82.83433133732535,False,0,36.58682634730539
CD004904,10.1002/14651858.CD004904.pub4,0,9.68063872255489,False,0,4.580838323353293
CD015387,10.1002/14651858.CD015387.pub2,3,49.101796407185624,False,0,24.281437125748504
CD016001,10.1002/14651858.CD016001,0,9.68063872255489,False,0,12.584830339321359
CD006140,10.1002/14651858.CD006140.pub3,0,9.68063872255489,False,0,12.355289421157686
CD013023,10.1002/14651858.CD013023.pub2,2,39.12175648702595,False,0,17.684630738522955
CD002971,10.1002/14651858.CD002971.pub6,0,9.68063872255489,False,0,11.21756487025948
CD015495,10.1002/14651858.CD015495,6,68.76247504990019,False,0,28.213572854291414
CD012572,10.1002/14651858.CD012572.pub3,5,63.57285429141717,False,0,32.215568862275454
CD012067,10.1002/14651858.CD012067.pub3,0,9.68063872255489,False,0,12.86427145708583
CD002112,10.1002/14651858.CD002112.pub2,0,9.68063872255489,False,0,6.57684630738523
CD013278,10.1002/14651858.CD013278.pub3,4,57.48502994011976,True,0,52.40518962075848
CD015875,10.1002/14651858.CD015875,3,49.101796407185624,False,0,29.3812375249501
CD015219,10.1002/14651858.CD015219.pub2,8,76.14770459081836,True,0,57.80439121756487
CD015588,10.1002/14651858.CD015588.pub2,17,94.61077844311377,False,0,47.74451097804391
CD011841,10.1002/14651858.CD011841.pub3,2,39.12175648702595,False,0,19.10179640718563
CD014624,10.1002/14651858.CD014624.pub2,6,68.76247504990019,False,0,32.75449101796407
CD011806,10.1002/14651858.CD011806.pub2,13,88.32335329341318,False,0,43.45309381237525
CD016002,10.1002/14651858.CD016002,1,26.34730538922156,False,0,19.640718562874255
CD014574,10.1002/14651858.CD014574.pub2,2,39.12175648702595,False,0,25.059880239520957
CD015158,10.1002/14651858.CD015158.pub2,1,26.34730538922156,False,0,19.9500998003992
CD007110,10.1002/14651858.CD007110.pub4,2,39.12175648702595,False,0,16.98602794411178
CD013445,10.1002/14651858.CD013445.pub2,15,91.81636726546905,False,0,46.387225548902194
CD001396,10.1002/14651858.CD001396.pub4,5,63.57285429141717,False,0,33.72255489021957
CD015746,10.1002/14651858.CD015746.pub2,1,26.34730538922156,False,0,11.876247504990022
CD012079,10.1002/14651858.CD012079.pub2,12,86.42714570858283,False,0,43.56287425149701
CD015519,10.1002/14651858.CD015519.pub2,2,39.12175648702595,False,0,20.289421157684632
CD012942,10.1002/14651858.CD012942.pub2,5,63.57285429141717,False,0,31.3872255489022
CD015517,10.1002/14651858.CD015517,1,26.34730538922156,False,0,15.788423153692616
CD015476,10.1002/14651858.CD015476.pub2,0,9.68063872255489,False,0,11.21756487025948
CD004736,10.1002/14651858.CD004736.pub6,14,90.31936127744511,False,0,46.10778443113773
CD014937,10.1002/14651858.CD014937.pub2,3,49.101796407185624,False,0,28.353293413173652
CD003962,10.1002/14651858.CD003962.pub3,13,88.32335329341318,False,0,44.041916167664674
CD006913,10.1002/14651858.CD006913.pub3,3,49.101796407185624,False,0,29.171656686626747
CD015284,10.1002/14651858.CD015284.pub2,2,39.12175648702595,False,0,25.309381237524953
CD007572,10.1002/14651858.CD007572.pub4,2,39.12175648702595,False,0,21.60678642714571
CD015123,10.1002/14651858.CD015123.pub2,0,9.68063872255489,False,0,9.121756487025948
CD015698,10.1002/14651858.CD015698.pub2,1,26.34730538922156,False,0,13.243512974051898
CD008879,10.1002/14651858.CD008879.pub3,12,86.42714570858283,False,0,35.27944111776447
CD015134,10.1002/14651858.CD015134.pub2,10,82.83433133732535,False,0,36.58682634730539
CD014769,10.1002/14651858.CD014769.pub2,4,57.48502994011976,True,0,52.40518962075848
CD010001,10.1002/14651858.CD010001.pub4,1,26.34730538922156,False,0,13.243512974051898
CD015790,10.1002/14651858.CD015790.pub2,0,9.68063872255489,False,0,10.658682634730539
CD001837,10.1002/14651858.CD001837.pub4,14,90.31936127744511,False,0,37.46506986027944
CD002243,10.1002/14651858.CD002243.pub5,0,9.68063872255489,False,0,12.355289421157686
CD015584,10.1002/14651858.CD015584.pub2,1,26.34730538922156,False,0,15.788423153692616
CD015701,10.1002/14651858.CD015701.pub2,0,9.68063872255489,False,0,6.57684630738523
CD015779,10.1002/14651858.CD015779,4,57.48502994011976,False,0,28.243512974051896
CD009752,10.1002/14651858.CD009752.pub3,1,26.34730538922156,True,0,39.42115768463074
CD015122,10.1002/14651858.CD015122.pub2,4,57.48502994011976,False,0,32.17564870259481
CD015066,10.1002/14651858.CD015066.pub2,6,68.76247504990019,False,0,27.804391217564866
CD015060,10.1002/14651858.CD015060.pub2,3,49.101796407185624,False,0,20.97804391217565
CD004667,10.1002/14651858.CD004667.pub6,64,99.8003992015968,False,0,48.21357285429142
CD014964,10.1002/14651858.CD014964.pub2,1,26.34730538922156,False,0,13.992015968063875
CD013707,10.1002/14651858.CD013707.pub2,1,26.34730538922156,False,0,16.497005988023954
CD014541,10.1002/14651858.CD014541.pub2,1,26.34730538922156,False,0,19.9500998003992
CD014872,10.1002/14651858.CD014872.pub2,4,57.48502994011976,False,0,30.339321357285428
CD014852,10.1002/14651858.CD014852.pub2,4,57.48502994011976,False,0,32.405189620758485
CD012532,10.1002/14651858.CD012532.pub2,6,68.76247504990019,False,0,27.804391217564866
CD000547,10.1002/14651858.CD000547.pub3,4,57.48502994011976,False,0,29.451097804391217
CD008873,10.1002/14651858.CD008873.pub5,18,95.50898203592814,False,0,45.54890219560878
CD012925,10.1002/14651858.CD012925.pub2,8,76.14770459081836,False,0,35.0998003992016
CD012609,10.1002/14651858.CD012609.pub2,2,39.12175648702595,False,0,18.353293413173652
CD013038,10.1002/14651858.CD013038.pub3,6,68.76247504990019,False,0,33.46307385229541
CD012997,10.1002/14651858.CD012997.pub3,0,9.68063872255489,False,0,5.209580838323354
CD013729,10.1002/14651858.CD013729.pub2,3,49.101796407185624,False,0,26.097804391217565
CD013773,10.1002/14651858.CD013773.pub2,4,57.48502994011976,False,0,23.702594810379242
CD013774,10.1002/14651858.CD013774.pub2,8,76.14770459081836,False,0,35.70858283433134
CD013377,10.1002/14651858.CD013377.pub2,9,79.84031936127745,False,0,33.97205588822356
CD013474,10.1002/14651858.CD013474.pub2,1,26.34730538922156,False,0,17.884231536926148
CD000478,10.1002/14651858.CD000478.pub5,2,39.12175648702595,False,0,16.98602794411178
CD014941,10.1002/14651858.CD014941.pub2,7,73.05389221556887,False,0,37.70459081836327
CD015252,10.1002/14651858.CD015252.pub2,10,82.83433133732535,False,0,37.77445109780439
CD014923,10.1002/14651858.CD014923.pub2,12,86.42714570858283,False,0,35.90818363273453
CD014617,10.1002/14651858.CD014617.pub3,0,9.68063872255489,False,0,5.209580838323354
CD013821,10.1002/14651858.CD013821.pub2,8,76.14770459081836,False,0,36.417165668662676
CD012429,10.1002/14651858.CD012429.pub2,0,9.68063872255489,False,0,13.053892215568862
CD013344,10.1002/14651858.CD013344.pub2,8,76.14770459081836,False,0,37.80439121756487
CD011670,10.1002/14651858.CD011670.pub3,4,57.48502994011976,False,0,27.135728542914173
CD009022,10.1002/14651858.CD009022.pub4,0,9.68063872255489,False,0,10.658682634730539
CD009531,10.1002/14651858.CD009531.pub3,9,79.84031936127745,False,0,38.72255489021957
CD013055,10.1002/14651858.CD013055.pub3,0,9.68063872255489,False,0,4.171656686626747
CD009244,10.1002/14651858.CD009244.pub3,1,26.34730538922156,False,0,11.876247504990022
CD011305,10.1002/14651858.CD011305.pub3,6,68.76247504990019,False,0,36.21756487025948
CD013468,10.1002/14651858.CD013468.pub2,6,68.76247504990019,False,0,28.213572854291414
CD015101,10.1002/14651858.CD015101,1,26.34730538922156,False,0,11.876247504990022
CD015530,10.1002/14651858.CD015530.pub2,3,49.101796407185624,False,0,24.890219560878243
CD013456,10.1002/14651858.CD013456.pub2,16,93.21357285429141,False,0,44.3313373253493
CD008564,10.1002/14651858.CD008564.pub3,3,49.101796407185624,False,0,25.59880239520958
CD015145,10.1002/14651858.CD015145.pub2,1,26.34730538922156,False,0,18.47305389221557
CD014932,10.1002/14651858.CD014932.pub2,13,88.32335329341318,False,0,38.78243512974052
CD013781,10.1002/14651858.CD013781.pub2,1,26.34730538922156,False,0,19.80039920159681
CD002203,10.1002/14651858.CD002203.pub5,0,9.68063872255489,True,0,33.532934131736525
CD008237,10.1002/14651858.CD008237.pub4,0,9.68063872255489,False,0,7.325349301397207
CD004184,10.1002/14651858.CD004184.pub3,6,68.76247504990019,False,0,32.75449101796407
CD014820,10.1002/14651858.CD014820.pub2,1,26.34730538922156,False,0,15.788423153692616
CD003833,10.1002/14651858.CD003833.pub5,0,9.68063872255489,False,0,6.57684630738523
CD015120,10.1002/14651858.CD015120.pub2,4,57.48502994011976,False,0,23.293413173652695
CD011330,10.1002/14651858.CD011330.pub2,1,26.34730538922156,False,0,13.243512974051898
CD011218,10.1002/14651858.CD011218.pub2,4,57.48502994011976,False,0,24.331337325349303
CD015849,10.1002/14651858.CD015849.pub2,4,57.48502994011976,False,0,32.83433133732535
CD015331,10.1002/14651858.CD015331.pub2,2,39.12175648702595,False,0,25.64870259481038
CD011204,10.1002/14651858.CD011204.pub3,0,9.68063872255489,False,0,9.121756487025948
CD010533,10.1002/14651858.CD010533.pub3,0,9.68063872255489,False,0,7.325349301397207
CD006632,10.1002/14651858.CD006632.pub3,4,57.48502994011976,False,0,29.451097804391217
CD016119,10.1002/14651858.CD016119,2,39.12175648702595,False,0,23.942115768463076
CD012335,10.1002/14651858.CD012335.pub2,0,9.68063872255489,False,0,10.658682634730539
CD003216,10.1002/14651858.CD003216.pub3,18,95.50898203592814,False,0,42.34530938123752
CD013801,10.1002/14651858.CD013801.pub2,0,9.68063872255489,False,0,12.86427145708583
CD015432,10.1002/14651858.CD015432.pub2,5,63.57285429141717,False,0,32.774451097804395
CD015573,10.1002/14651858.CD015573,8,76.14770459081836,False,0,31.167664670658684
CD008973,10.1002/14651858.CD008973.pub3,3,49.101796407185624,False,0,23.78243512974052
CD013331,10.1002/14651858.CD013331.pub2,6,68.76247504990019,False,0,30.209580838323348
CD001552,10.1002/14651858.CD001552.pub3,6,68.76247504990019,False,0,33.46307385229541
CD006185,10.1002/14651858.CD006185.pub6,4,57.48502994011976,False,0,27.135728542914173
CD015448,10.1002/14651858.CD015448.pub2,11,84.83033932135729,False,0,37.38522954091817
CD009730,10.1002/14651858.CD009730.pub3,1,26.34730538922156,False,0,17.884231536926148
CD003129,10.1002/14651858.CD003129.pub2,3,49.101796407185624,False,0,23.093812375249502
CD013342,10.1002/14651858.CD013342.pub2,9,79.84031936127745,False,0,38.39321357285429
CD013294,10.1002/14651858.CD013294.pub2,10,82.83433133732535,True,0,59.92015968063872
CD015462,10.1002/14651858.CD015462.pub2,6,68.76247504990019,True,0,55.439121756487026
CD012886,10.1002/14651858.CD012886.pub3,0,9.68063872255489,False,0,12.584830339321359
CD015084,10.1002/14651858.CD015084.pub2,6,68.76247504990019,False,0,30.209580838323348
CD013166,10.1002/14651858.CD013166.pub3,1,26.34730538922156,False,0,11.876247504990022
CD013853,10.1002/14651858.CD013853.pub2,7,73.05389221556887,False,0,31.926147704590818
CD007837,10.1002/14651858.CD007837.pub3,18,95.50898203592814,False,0,42.34530938123752
CD013059,10.1002/14651858.CD013059.pub2,6,68.76247504990019,False,0,28.842315369261474
CD011793,10.1002/14651858.CD011793.pub3,9,79.84031936127745,False,0,38.982035928143716
CD014920,10.1002/14651858.CD014920.pub2,1,26.34730538922156,False,0,13.243512974051898
CD007130,10.1002/14651858.CD007130.pub5,51,99.60079840319361,False,0,45.79840319361277
CD011800,10.1002/14651858.CD011800.pub2,3,49.101796407185624,False,0,23.093812375249502
CD008771,10.1002/14651858.CD008771.pub3,2,39.12175648702595,False,0,24.361277445109785
CD015140,10.1002/14651858.CD015140.pub2,0,9.68063872255489,False,0,11.806387225548903
CD011060,10.1002/14651858.CD011060.pub2,7,73.05389221556887,False,0,30.558882235528944
CD003214,10.1002/14651858.CD003214.pub4,0,9.68063872255489,True,0,28.013972055888225
CD014891,10.1002/14651858.CD014891.pub2,17,94.61077844311377,False,0,45.778443113772454
CD006214,10.1002/14651858.CD006214.pub5,0,9.68063872255489,False,0,3.942115768463074
CD011624,10.1002/14651858.CD011624.pub3,8,76.14770459081836,False,0,40.23952095808383
CD006273,10.1002/14651858.CD006273.pub4,4,57.48502994011976,False,0,23.293413173652695
CD008309,10.1002/14651858.CD008309.pub3,8,76.14770459081836,True,0,59.87025948103792
CD014845,10.1002/14651858.CD014845.pub2,9,79.84031936127745,False,0,38.39321357285429
CD015213,10.1002/14651858.CD015213.pub2,6,68.76247504990019,False,0,34.55089820359281
CD012152,10.1002/14651858.CD012152.pub4,11,84.83033932135729,False,0,43.53293413173653
CD003414,10.1002/14651858.CD003414.pub4,5,63.57285429141717,False,0,28.88223552894212
CD003477,10.1002/14651858.CD003477.pub5,8,76.14770459081836,False,0,33.91217564870259
CD003451,10.1002/14651858.CD003451.pub3,9,79.84031936127745,False,0,33.97205588822356
CD015594,10.1002/14651858.CD015594.pub2,6,68.76247504990019,False,0,28.213572854291414
CD015592,10.1002/14651858.CD015592.pub3,1,26.34730538922156,False,0,12.574850299401199
CD014802,10.1002/14651858.CD014802.pub2,0,9.68063872255489,False,0,10.658682634730539
CD012265,10.1002/14651858.CD012265.pub2,5,63.57285429141717,False,0,26.76646706586827
CD008940,10.1002/14651858.CD008940.pub4,0,9.68063872255489,False,0,6.57684630738523
CD010333,10.1002/14651858.CD010333.pub4,10,82.83433133732535,False,0,37.275449101796404
CD014785,10.1002/14651858.CD014785.pub2,24,97.50499001996008,False,0,40.33932135728543
CD015711,10.1002/14651858.CD015711.pub2,3,49.101796407185624,False,0,22.345309381237527
CD016168,10.1002/14651858.CD016168,0,9.68063872255489,False,0,12.355289421157686
CD013810,10.1002/14651858.CD013810.pub2,0,9.68063872255489,False,0,11.497005988023954
CD001072,10.1002/14651858.CD001072.pub2,0,9.68063872255489,False,0,4.580838323353293
CD010583,10.1002/14651858.CD010583.pub6,2,39.12175648702595,False,0,19.79041916167665
CD015526,10.1002/14651858.CD015526.pub2,1,26.34730538922156,False,0,11.876247504990022
CD008995,10.1002/14651858.CD008995.pub3,4,57.48502994011976,False,0,24.331337325349303
CD014758,10.1002/14651858.CD014758.pub3,11,84.83033932135729,False,0,39.18163672654691
CD013295,10.1002/14651858.CD013295.pub2,17,94.61077844311377,False,0,43.0938123752495
CD010163,10.1002/14651858.CD010163.pub3,3,49.101796407185624,False,0,20.34930139720559
CD004406,10.1002/14651858.CD004406.pub6,2,39.12175648702595,False,0,20.289421157684632
CD014755,10.1002/14651858.CD014755.pub2,1,26.34730538922156,False,0,15.179640718562876
CD011468,10.1002/14651858.CD011468.pub2,3,49.101796407185624,False,0,20.97804391217565
CD015046,10.1002/14651858.CD015046.pub2,0,9.68063872255489,False,0,10.32934131736527
CD011192,10.1002/14651858.CD011192.pub4,0,9.68063872255489,False,0,12.584830339321359
CD014623,10.1002/14651858.CD014623.pub2,0,9.68063872255489,False,0,7.325349301397207
CD015326,10.1002/14651858.CD015326.pub2,1,26.34730538922156,False,0,20.259481037924154
CD015313,10.1002/14651858.CD015313.pub2,0,9.68063872255489,False,0,4.580838323353293
CD004372,10.1002/14651858.CD004372.pub3,4,57.48502994011976,False,0,23.293413173652695
CD015802,10.1002/14651858.CD015802.pub2,8,76.14770459081836,False,0,31.167664670658684
CD014580,10.1002/14651858.CD014580.pub2,0,9.68063872255489,False,0,8.013972055888225
CD008145,10.1002/14651858.CD008145.pub4,24,97.50499001996008,False,0,43.1437125748503
CD008063,10.1002/14651858.CD008063.pub3,16,93.21357285429141,False,0,37.99401197604791
CD014999,10.1002/14651858.CD014999.pub2,0,9.68063872255489,False,0,6.57684630738523
CD014573,10.1002/14651858.CD014573,4,57.48502994011976,False,0,26.447105788423155
CD013823,10.1002/14651858.CD013823.pub2,15,91.81636726546905,False,0,43.18363273453093
CD010136,10.1002/14651858.CD010136.pub4,9,79.84031936127745,True,0,59.28143712574851
CD012905,10.1002/14651858.CD012905.pub2,2,39.12175648702595,False,0,19.79041916167665
CD014497,10.1002/14651858.CD014497.pub2,0,9.68063872255489,False,0,4.171656686626747
CD005495,10.1002/14651858.CD005495.pub5,35,99.20159680638723,False,0,43.82235528942116
CD013158,10.1002/14651858.CD013158.pub2,4,57.48502994011976,False,0,25.02994011976048
CD013105,10.1002/14651858.CD013105.pub2,1,26.34730538922156,False,0,13.992015968063875
CD014160,10.1002/14651858.CD014160.pub2,1,26.34730538922156,True,0,32.5748502994012
CD007896,10.1002/14651858.CD007896.pub4,0,9.68063872255489,False,0,5.209580838323354
CD013078,10.1002/14651858.CD013078.pub2,0,9.68063872255489,False,0,8.013972055888225
CD013731,10.1002/14651858.CD013731.pub2,6,68.76247504990019,False,0,28.842315369261474
CD013057,10.1002/14651858.CD013057.pub3,0,9.68063872255489,False,0,4.171656686626747
CD013857,10.1002/14651858.CD013857.pub2,1,26.34730538922156,False,0,11.247504990019962
CD009788,10.1002/14651858.CD009788.pub3,2,39.12175648702595,False,0,21.60678642714571
CD015518,10.1002/14651858.CD015518,3,49.101796407185624,False,0,24.890219560878243
CD013111,10.1002/14651858.CD013111.pub2,2,39.12175648702595,True,0,39.790419161676645
CD005343,10.1002/14651858.CD005343.pub7,3,49.101796407185624,False,0,26.986027944111775
CD013197,10.1002/14651858.CD013197.pub2,2,39.12175648702595,False,0,23.77245508982036
CD015520,10.1002/14651858.CD015520,1,26.34730538922156,False,0,16.497005988023954
CD013232,10.1002/14651858.CD013232.pub2,4,57.48502994011976,False,0,31.477045908183634
CD006919,10.1002/14651858.CD006919.pub5,3,49.101796407185624,False,0,26.097804391217565
CD012693,10.1002/14651858.CD012693.pub3,12,86.42714570858283,False,0,44.141716566866265
CD013255,10.1002/14651858.CD013255.pub2,4,57.48502994011976,False,0,25.69860279441118
CD014741,10.1002/14651858.CD014741.pub2,3,49.101796407185624,False,0,24.281437125748504
CD007674,10.1002/14651858.CD007674.pub3,0,9.68063872255489,False,0,8.013972055888225
CD012594,10.1002/14651858.CD012594.pub2,14,90.31936127744511,False,0,36.19760479041916
CD013462,10.1002/14651858.CD013462.pub3,0,9.68063872255489,False,0,7.325349301397207
CD003519,10.1002/14651858.CD003519.pub5,1,26.34730538922156,False,0,19.640718562874255
CD012503,10.1002/14651858.CD012503.pub3,0,9.68063872255489,False,0,5.908183632734531
CD013329,10.1002/14651858.CD013329.pub2,8,76.14770459081836,False,0,36.417165668662676
CD013332,10.1002/14651858.CD013332.pub2,1,26.34730538922156,False,0,11.876247504990022
CD007079,10.1002/14651858.CD007079.pub4,0,9.68063872255489,False,0,11.65668662674651
CD013358,10.1002/14651858.CD013358.pub2,2,39.12175648702595,False,0,24.13173652694611
CD006182,10.1002/14651858.CD006182.pub3,1,26.34730538922156,False,0,15.179640718562876
CD016064,10.1002/14651858.CD016064,2,39.12175648702595,False,0,20.289421157684632
CD013763,10.1002/14651858.CD013763.pub3,10,82.83433133732535,True,0,60.17964071856287
CD014889,10.1002/14651858.CD014889.pub2,2,39.12175648702595,False,0,17.684630738522955
CD008552,10.1002/14651858.CD008552.pub8,14,90.31936127744511,False,0,39.5808383233533
CD013421,10.1002/14651858.CD013421.pub2,3,49.101796407185624,False,0,23.093812375249502
CD008493,10.1002/14651858.CD008493.pub5,2,39.12175648702595,False,0,19.79041916167665
CD010856,10.1002/14651858.CD010856.pub3,16,93.21357285429141,False,0,43.74251497005989
CD015038,10.1002/14651858.CD015038.pub2,6,68.76247504990019,False,0,35.12974051896207
CD007872,10.1002/14651858.CD007872.pub4,2,39.12175648702595,False,0,23.77245508982036
CD009508,10.1002/14651858.CD009508.pub2,7,73.05389221556887,False,0,30.558882235528944
CD006475,10.1002/14651858.CD006475.pub3,1,26.34730538922156,False,0,16.497005988023954
CD003331,10.1002/14651858.CD003331.pub6,26,97.90419161676647,False,0,43.80239520958084
CD015254,10.1002/14651858.CD015254.pub2,5,63.57285429141717,False,0,32.47504990019961
CD013715,10.1002/14651858.CD013715.pub2,0,9.68063872255489,False,0,12.754491017964073
CD004871,10.1002/14651858.CD004871.pub5,6,68.76247504990019,False,0,34.55089820359281
CD013042,10.1002/14651858.CD013042.pub2,6,68.76247504990019,False,0,31.646706586826344
CD006712,10.1002/14651858.CD006712.pub3,3,49.101796407185624,False,0,20.97804391217565
CD000219,10.1002/14651858.CD000219.pub5,7,73.05389221556887,False,0,31.926147704590818
CD013875,10.1002/14651858.CD013875.pub2,17,94.61077844311377,False,0,45.778443113772454
CD014544,10.1002/14651858.CD014544.pub2,8,76.14770459081836,False,0,33.16367265469062
CD015014,10.1002/14651858.CD015014.pub2,5,63.57285429141717,False,0,35.249500998003995
CD012178,10.1002/14651858.CD012178.pub2,0,9.68063872255489,False,0,6.57684630738523
CD013414,10.1002/14651858.CD013414.pub2,8,76.14770459081836,False,0,35.70858283433134
CD014914,10.1002/14651858.CD014914.pub2,6,68.76247504990019,False,0,34.29141716566866
CD004508,10.1002/14651858.CD004508.pub5,1,26.34730538922156,False,0,18.16367265469062
CD012268,10.1002/14651858.CD012268.pub2,4,57.48502994011976,False,0,29.451097804391217
CD016148,10.1002/14651858.CD016148,3,49.101796407185624,False,0,23.78243512974052
CD013643,10.1002/14651858.CD013643.pub2,3,49.101796407185624,False,0,26.686626746506988
CD015042,10.1002/14651858.CD015042.pub2,5,63.57285429141717,False,0,26.13772455089821
CD009417,10.1002/14651858.CD009417.pub3,3,49.101796407185624,True,0,44.89021956087825
CD009609,10.1002/14651858.CD009609.pub3,14,90.31936127744511,True,0,61.37724550898204
CD015721,10.1002/14651858.CD015721.pub2,3,49.101796407185624,False,0,23.093812375249502
CD009535,10.1002/14651858.CD009535.pub3,5,63.57285429141717,False,0,34.960079840319366
CD015033,10.1002/14651858.CD015033.pub2,10,82.83433133732535,False,0,42.01596806387226
CD013056,10.1002/14651858.CD013056.pub3,0,9.68063872255489,False,0,5.209580838323354
CD012397,10.1002/14651858.CD012397.pub2,4,57.48502994011976,False,0,29.451097804391217
CD008165,10.1002/14651858.CD008165.pub5,43,99.40119760479041,False,0,42.46506986027944
CD015932,10.1002/14651858.CD015932.pub2,0,9.68063872255489,False,0,11.996007984031937
CD015894,10.1002/14651858.CD015894.pub2,1,26.34730538922156,False,0,11.876247504990022
CD012993,10.1002/14651858.CD012993.pub2,10,82.83433133732535,False,0,37.77445109780439
CD004762,10.1002/14651858.CD004762.pub3,0,9.68063872255489,False,0,5.908183632734531
CD014089,10.1002/14651858.CD014089,2,39.12175648702595,False,0,21.60678642714571
CD013408,10.1002/14651858.CD013408.pub2,1,26.34730538922156,False,0,18.323353293413177
CD013757,10.1002/14651858.CD013757.pub3,6,68.76247504990019,True,0,52.75449101796407
CD012718,10.1002/14651858.CD012718.pub2,6,68.76247504990019,False,0,32.75449101796407
CD006942,10.1002/14651858.CD006942.pub4,0,9.68063872255489,False,0,5.908183632734531
CD012850,10.1002/14651858.CD012850.pub2,19,96.10778443113772,False,0,47.85429141716567
CD003357,10.1002/14651858.CD003357.pub5,0,9.68063872255489,False,0,5.908183632734531
CD011671,10.1002/14651858.CD011671.pub3,20,96.50698602794411,False,0,44.560878243512974
CD014861,10.1002/14651858.CD014861.pub2,1,26.34730538922156,False,0,16.497005988023954
CD011626,10.1002/14651858.CD011626.pub3,2,39.12175648702595,False,0,19.10179640718563
CD012891,10.1002/14651858.CD012891.pub2,1,26.34730538922156,False,0,16.497005988023954
CD013571,10.1002/14651858.CD013571.pub2,16,93.21357285429141,False,0,44.07185628742515
CD014763,10.1002/14651858.CD014763.pub2,13,88.32335329341318,False,0,39.471057884231534
CD013591,10.1002/14651858.CD013591.pub2,23,97.1057884231537,False,0,43.48303393213574
CD002115,10.1002/14651858.CD002115.pub6,0,9.68063872255489,False,0,9.830339321357286
CD013353,10.1002/14651858.CD013353.pub2,8,76.14770459081836,True,0,53.163672654690615
CD006027,10.1002/14651858.CD006027.pub3,1,26.34730538922156,False,0,11.876247504990022
CD010189,10.1002/14651858.CD010189.pub3,1,26.34730538922156,False,0,15.788423153692616
CD011778,10.1002/14651858.CD011778.pub2,9,79.84031936127745,False,0,37.18562874251498
CD002122,10.1002/14651858.CD002122.pub3,0,9.68063872255489,False,0,7.325349301397207
CD008688,10.1002/14651858.CD008688.pub3,0,9.68063872255489,False,0,8.013972055888225
CD014844,10.1002/14651858.CD014844.pub2,0,9.68063872255489,False,0,10.32934131736527
CD015003,10.1002/14651858.CD015003.pub2,4,57.48502994011976,False,0,25.69860279441118
CD013051,10.1002/14651858.CD013051.pub3,0,9.68063872255489,False,0,4.580838323353293
CD008349,10.1002/14651858.CD008349.pub5,5,63.57285429141717,False,0,32.47504990019961
CD015064,10.1002/14651858.CD015064.pub2,13,88.32335329341318,False,0,35.399201596806385
CD013835,10.1002/14651858.CD013835.pub2,1,26.34730538922156,False,0,10.838323353293415
CD002303,10.1002/14651858.CD002303.pub4,3,49.101796407185624,False,0,19.940119760479043
CD006515,10.1002/14651858.CD006515.pub2,5,63.57285429141717,False,0,31.886227544910184
CD013672,10.1002/14651858.CD013672.pub2,0,9.68063872255489,False,0,5.908183632734531
CD011381,10.1002/14651858.CD011381.pub3,16,93.21357285429141,False,0,43.243512974051896
CD014040,10.1002/14651858.CD014040.pub2,2,39.12175648702595,False,0,20.898203592814372
CD015112,10.1002/14651858.CD015112.pub3,2,39.12175648702595,False,0,16.35728542914172
CD015877,10.1002/14651858.CD015877,2,39.12175648702595,False,0,16.35728542914172
CD015124,10.1002/14651858.CD015124.pub2,1,26.34730538922156,False,0,10.608782435129742
CD001321,10.1002/14651858.CD001321.pub7,9,79.84031936127745,False,0,33.97205588822356
CD007639,10.1002/14651858.CD007639.pub3,2,39.12175648702595,False,0,22.994011976047904
CD013822,10.1002/14651858.CD013822.pub2,12,86.42714570858283,False,0,39.82035928143712
CD009102,10.1002/14651858.CD009102.pub2,4,57.48502994011976,True,0,49.45109780439121
CD015330,10.1002/14651858.CD015330.pub2,26,97.90419161676647,False,0,43.80239520958084
CD002290,10.1002/14651858.CD002290.pub6,3,49.101796407185624,False,0,21.676646706586826
CD015314,10.1002/14651858.CD015314.pub2,2,39.12175648702595,False,0,15.948103792415171
CD013719,10.1002/14651858.CD013719.pub2,13,88.32335329341318,True,0,61.786427145708586
CD003429,10.1002/14651858.CD003429.pub5,0,9.68063872255489,False,0,9.121756487025948
CD013800,10.1002/14651858.CD013800.pub2,8,76.14770459081836,False,0,38.582834331337324
CD014871,10.1002/14651858.CD014871.pub2,1,26.34730538922156,False,0,20.499001996007983
CD013054,10.1002/14651858.CD013054.pub3,0,9.68063872255489,False,0,8.013972055888225
CD015160,10.1002/14651858.CD015160.pub2,7,73.05389221556887,False,0,32.6746506986028
CD016120,10.1002/14651858.CD016120,2,39.12175648702595,False,0,24.5309381237525
CD014833,10.1002/14651858.CD014833.pub2,0,9.68063872255489,False,0,10.658682634730539
CD011039,10.1002/14651858.CD011039.pub2,2,39.12175648702595,False,0,20.898203592814372
CD013355,10.1002/14651858.CD013355.pub2,0,9.68063872255489,False,0,7.325349301397207
CD014959,10.1002/14651858.CD014959.pub2,4,57.48502994011976,False,0,30.618762475049902
CD003218,10.1002/14651858.CD003218.pub3,0,9.68063872255489,False,0,5.908183632734531
CD012757,10.1002/14651858.CD012757.pub2,3,49.101796407185624,False,0,24.890219560878243
CD012214,10.1002/14651858.CD012214.pub3,4,57.48502994011976,False,0,25.02994011976048
CD001797,10.1002/14651858.CD001797.pub4,6,68.76247504990019,False,0,32.75449101796407
CD006606,10.1002/14651858.CD006606.pub5,5,63.57285429141717,False,0,32.47504990019961
CD012170,10.1002/14651858.CD012170.pub2,1,26.34730538922156,False,0,11.247504990019962
CD006714,10.1002/14651858.CD006714.pub3,0,9.68063872255489,False,0,11.806387225548903
CD014803,10.1002/14651858.CD014803.pub2,6,68.76247504990019,False,0,27.804391217564866
CD015255,10.1002/14651858.CD015255.pub2,12,86.42714570858283,False,0,43.56287425149701
CD014688,10.1002/14651858.CD014688.pub2,6,68.76247504990019,False,0,27.804391217564866
CD014713,10.1002/14651858.CD014713.pub2,1,26.34730538922156,False,0,11.876247504990022
CD015830,10.1002/14651858.CD015830.pub2,1,26.34730538922156,False,0,11.876247504990022
CD015788,10.1002/14651858.CD015788.pub2,0,9.68063872255489,False,0,5.908183632734531
CD015328,10.1002/14651858.CD015328.pub2,32,98.80239520958084,False,0,44.161676646706596
CD015443,10.1002/14651858.CD015443.pub2,7,73.05389221556887,False,0,34.47105788423154
CD013053,10.1002/14651858.CD013053.pub3,1,26.34730538922156,False,0,10.838323353293415
CD015383,10.1002/14651858.CD015383.pub2,9,79.84031936127745,False,0,33.27345309381238
CD015040,10.1002/14651858.CD015040.pub2,3,49.101796407185624,False,0,20.97804391217565
CD007693,10.1002/14651858.CD007693.pub3,9,79.84031936127745,False,0,32.0059880239521
CD012186,10.1002/14651858.CD012186.pub2,9,79.84031936127745,False,0,32.23552894211577
